revenue,gross_profit,operating_profit,after_tax_profit,total_assets,equity
28745401188474.0,19043043457049.0,1534744759308.0,1079740386712.0,187773461813504.0,70975121992479.0
34507143064099.0,24445278501823.0,2529833470868.0,1198550757440.0,153259922089374.0,58461839265368.0
32319939418114.0,25042093416251.0,1557168412017.0,1538402764657.0,194918714047572.0,73169136679702.0
30986584841970.0,26945273690212.0,2095425968831.0,1662096802815.0,169055207715667.0,58516117170407.0
26560186404424.0,23179914554756.0,2279966571396.0,1898512760254.0,150008081580269.0,65116197266973.0
26559945203362.0,19530963633547.0,2458066036121.0,1839801998209.0,180667748354234.0,59285258944430.0
25580836121682.0,21405310869585.0,2285495625346.0,1578308679582.0,152811114511656.0,75762209410731.0
33661761457749.0,22356987556784.0,2381900891377.0,1379123247965.0,166570173469254.0,61187563415085.0
31011150117432.0,25751006895979.0,1873395211797.0,1572559628237.0,192418589247343.0,66755781195641.0
32080725777960.0,24849339656027.0,2396307625121.0,1707086456272.0,153761377297312.0,81870243328563.0
25205844942958.0,22273160710774.0,1588126331023.0,1106502571831.0,200360309541360.0,61129491501969.0
34699098521620.0,29838182985516.0,2484298321667.0,1368914400727.0,150229195359515.0,70234151918763.0
33324426408004.0,25269297832283.0,2102351613769.0,1755822057072.0,164809432152114.0,67578149834981.0
27123391106783.0,20846721500832.0,2399027546959.0,1345449656740.0,194454243369124.0,55543721231372.0
26818249672071.0,19221389671445.0,1997550112970.0,1514685044104.0,168976208983758.0,78782743407184.0
26834045098534.0,19834309670212.0,2207935464716.0,1528992424776.0,156113543283961.0,57071377189438.0
28042422429595.0,20951492740614.0,2079042927030.0,1166028627820.0,171614035128026.0,69227650629309.0
30247564316322.0,19928176479115.0,2304748473931.0,1326011897487.0,166223597183072.0,71820348848168.0
29319450186421.0,20238804288616.0,1589792980234.0,1301060159868.0,200562714129633.0,73852793698438.0
27912291401980.0,21421142024326.0,1566387292390.0,1023577037679.0,168800875055109.0,75658948879236.0
31118528947224.0,20080483143537.0,1771813557411.0,1021772587502.0,197335948306560.0,62598171505681.0
26394938606520.0,28761185095517.0,1675499148125.0,1748527339308.0,203512328688644.0,55299363299753.0
27921446485352.0,18962804947940.0,2458961923251.0,1245763728976.0,176029045174592.0,76703309870647.0
28663618432937.0,24294136674843.0,1741135386094.0,1466270889615.0,204596588631264.0,71069697980427.0
29560699842170.0,22924761923876.0,2573451781401.0,1268853016230.0,172639083237792.0,80083531096217.0
32851759613930.0,29788543402903.0,1870585370948.0,1846611320604.0,207844704989406.0,79641650887021.0
26996737821584.0,19344466826017.0,1700329707258.0,1233367082979.0,155357371471534.0,80299785033636.0
30142344384136.0,22774267188549.0,2368668357857.0,1386691131465.0,191221155990195.0,69552839799386.0
30924145688620.0,29633645199304.0,2224578553051.0,1785457225436.0,179628842427416.0,65008851875106.0
25464504127200.0,28386085510728.0,2048015288098.0,1757740210113.0,173258928327339.0,78746746077741.0
31075448519014.0,27804864851391.0,2110899906031.0,1167491276062.0,187962712724916.0,68538823390878.0
26705241236873.0,21094833924539.0,2291121956099.0,1722378978816.0,192231425498060.0,60503265892103.0
25650515929853.0,20050651048681.0,1751300215464.0,1412368198064.0,150261796179019.0,80649220586844.0
34488855372533.0,26023718639093.0,2595967307662.0,1434671984877.0,160017185324832.0,81476796303170.0
34656320330746.0,29152511869531.0,2572272478361.0,1120131975174.0,192782763038059.0,68989292684205.0
33083973481165.0,24681154716167.0,2215358254982.0,1072541362381.0,189983124814692.0,57270991819294.0
28046137691734.0,24859352273639.0,1719496696022.0,1655145376276.0,207962850307721.0,66634782697508.0
25976721140064.0,21359749123923.0,2248251066674.0,1446815037120.0,195662267415047.0,79106129783878.0
31842330265122.0,27233915198303.0,1579418249877.0,1393165632354.0,207046362463880.0,82053220856387.0
29401524937396.0,20244524982690.0,1533717752426.0,1656557405787.0,192152430092088.0,61104182274928.0
26220382348448.0,21884150836851.0,1783451177362.0,1688961609092.0,167883132518367.0,57009208360758.0
29951769101113.0,23105237263397.0,2008885252413.0,1143017350902.0,156321895335051.0,81320513593985.0
25343885211152.0,24091324544213.0,2455099755949.0,1549202634530.0,196909431800696.0,66682148169366.0
34093204020788.0,20908916788981.0,2299885976743.0,1121818674050.0,188648953288555.0,71252828928027.0
27587799816000.0,19378041896870.0,2316977173320.0,1676237577426.0,152891160743598.0,84041974361523.0
31625222843540.0,25327440509300.0,1968042667893.0,1591259640640.0,171603027954059.0,56996941837427.0
28117110760894.0,21463566638883.0,1880528491802.0,1860953158975.0,207407988929057.0,74449540223563.0
30200680211778.0,24974858657071.0,1908142639283.0,1062062214721.0,180024068742612.0,57223162677246.0
30467102793433.0,19852352583290.0,2586414520110.0,1051349249036.0,175963748161182.0,66264067853995.0
26848544555255.0,23773681222258.0,1544120110554.0,1253968367224.0,177461976309558.0,79114436355803.0
34695846277646.0,24391073190619.0,2453734645735.0,1235535115362.0,162532963440310.0,68004166982669.0
32751328233611.0,18621882441869.0,2136542949430.0,1222280919165.0,172122430251888.0,84915470617089.0
34394989415642.0,22039251338327.0,1982476961109.0,1815629122469.0,172188795359231.0,71771778548398.0
33948273504276.0,19612976123268.0,2297783426457.0,1224591579865.0,153141301211248.0,64634864579079.0
30978999788111.0,18760499645673.0,2035335835567.0,1244754753516.0,196054057711075.0,61603339777143.0
34218742350231.0,29879522788679.0,2460765561890.0,1683458436176.0,174990265914233.0,65515616028585.0
25884925020519.0,21868246139697.0,2490772050412.0,1404765858205.0,199330793208985.0,66175998212787.0
26959828624191.0,27718493350256.0,1963893019561.0,1699039501260.0,201020880067194.0,57061410331719.0
25452272889105.0,21055687857165.0,1804510576959.0,1058829541808.0,162719643281920.0,66087225982803.0
28253303307633.0,26178032666687.0,2151585361453.0,1438814074306.0,189441208930208.0,68927155592177.0
28886772896895.0,27122734318676.0,2503599680178.0,1030252240165.0,178336908249779.0,76682132567164.0
27713490317739.0,25147664887294.0,1731728407906.0,1056387883110.0,202809404275289.0,74701884541648.0
33287375091519.0,23658914262602.0,2185263241920.0,1815793708010.0,162944440750587.0,76262969656875.0
28567533266936.0,22942090969767.0,2194716242102.0,1125320834006.0,190668792018603.0,55250910456306.0
27809345096874.0,22186419198516.0,2306424324657.0,1479178614048.0,186465127335163.0,61530021987416.0
30426960831582.0,29154349730974.0,1644724453640.0,1369986042341.0,167718088654310.0,74850528651996.0
26409242249748.0,27967432893453.0,2287407461150.0,1312608993633.0,158196054219070.0,69519681045392.0
33021969807540.0,29580322927998.0,2499935772732.0,1809850011119.0,189098385628637.0,55159404270050.0
25745506436798.0,19491566681827.0,1697651419757.0,1019641057098.0,194315847487940.0,79134839272955.0
34868869366005.0,26770409702444.0,1761297657416.0,1597410717558.0,168937640625801.0,78184287198710.0
32722447692967.0,29260085481852.0,2568534603446.0,1867054990792.0,188689956241339.0,71452574889807.0
26987156815342.0,20174796793988.0,1699074647980.0,1504151365116.0,173707854456690.0,56993899773288.0
25055221171236.0,18797955208401.0,2439823602707.0,1843140215830.0,192792412996957.0,77995451485978.0
33154614284548.0,26893447791481.0,2041505642093.0,1047032091357.0,161952916493643.0,72511407631941.0
32068573438476.0,24893677358159.0,1771954181843.0,1376913987167.0,203412900158170.0,78458799314739.0
32290071680410.0,28101945321099.0,2457824891400.0,1234142011866.0,167244575787935.0,77552409771875.0
32712703466859.0,19677268519515.0,1989835780503.0,1657738868483.0,172067159265369.0,79090062158735.0
25740446517341.0,27543207742319.0,2066299089323.0,1883167381448.0,153485517124821.0,70540241992139.0
28584657285443.0,20419527840573.0,1895156706340.0,1230877056200.0,156690732739277.0,59209735545805.0
26158690595251.0,19963871314388.0,2152245936578.0,1588757141327.0,180951714162740.0,75134724201391.0
33631034258756.0,19971189575172.0,1679876259844.0,1178287869484.0,166055560603678.0,73614213551559.0
31232981268276.0,27774896642777.0,1930189690317.0,1508797229114.0,200128813544532.0,77267595615973.0
28308980248526.0,25982366648354.0,2566353554569.0,1417539238020.0,150881603319297.0,60096430181522.0
25635583502860.0,24276785097229.0,1783946775971.0,1874804796668.0,172745642920316.0,60849255997009.0
28109823217157.0,22305965809482.0,2222410330995.0,1547674545427.0,170240732806146.0,81712285516580.0
28251833220267.0,28526406489757.0,1857709070647.0,1314555734878.0,151159657855056.0,77499333953562.0
32296061783381.0,22709341289072.0,2350820438255.0,1102686206399.0,157462103940031.0,82246854661010.0
31375574713552.0,27799193273659.0,1643961026790.0,1136122145861.0,174818560495118.0,77761459634918.0
33872127425763.0,23269618902843.0,2566803149586.0,1202785236956.0,179571875066847.0,72914659179709.0
29722149251619.0,22523333153099.0,1999168495522.0,1225869995206.0,174257384835292.0,74623982110836.0
26195942459383.0,23552157428035.0,1759655509681.0,1765554452057.0,181856260704726.0,81673837718200.0
32132447872230.0,21616534489970.0,1580846422063.0,1505100509454.0,185707900494341.0,72364202635358.0
32607850486169.0,26971312562115.0,1686733695596.0,1471051820237.0,150595429267670.0,73971739729852.0
30612771975695.0,24032644681110.0,2071751343412.0,1103291984682.0,177845709567210.0,59694301480108.0
32709671799546.0,20786552341762.0,1870703494074.0,1774125724014.0,207809954453255.0,69217636603483.0
29937955963644.0,28794894879295.0,2411771702471.0,1650532872888.0,181141936807773.0,76491913358743.0
30227328293820.0,22606694656479.0,1973976276028.0,1060901525710.0,190652536047537.0,63128280949491.0
29275410183585.0,24522634333368.0,1773585699846.0,1637051587507.0,168711831475013.0,61067625415736.0
25254191267441.0,28877665331575.0,2178859485264.0,1489184395608.0,196439482689166.0,64414804246732.0
26078914269933.0,25490855950968.0,2277454938574.0,1073552811172.0,196375288912567.0,62245018839785.0
25314291856867.0,19402776488500.0,1683746098691.0,1412470577376.0,181277762859248.0,61447379111092.0
31364104112638.0,29277985483362.0,1684381137917.0,1436226658417.0,208560829396753.0,67745525286043.0
28143559810763.0,25532496636857.0,1540338569627.0,1149197086147.0,157533012885759.0,82235155416506.0
30085706911647.0,22018867375885.0,2310042216572.0,1851128332300.0,151016859893375.0,70211789402162.0
34075664739261.0,19671264871961.0,2230184980384.0,1764977834333.0,196209492705426.0,60637611424460.0
27492922291489.0,27528302271244.0,2022093963325.0,1602120103596.0,198429332241893.0,57309150081426.0
29103829230356.0,25440873071142.0,2428587493866.0,1416066004901.0,157212433747235.0,75884684354138.0
32555511385430.0,24401533103716.0,2386237168245.0,1370588987426.0,165934969977516.0,66483962933092.0
27287981654916.0,28726710996611.0,2143889800836.0,1585876120436.0,151053141801998.0,79654928397561.0
25769799098288.0,27463166534694.0,2455098408565.0,1490888682466.0,167598516646834.0,74785323059223.0
27897514529138.0,19820098556793.0,1726425331040.0,1056045795294.0,196388512435120.0,78887243516241.0
26612212872540.0,21740664813547.0,1623111581338.0,1461252383893.0,181077631662755.0,63158381182553.0
34296976523426.0,20981869677774.0,1796724572669.0,1725763255510.0,170885735590097.0,75770767673832.0
33081203795644.0,26927355510872.0,1562795541698.0,1413315889837.0,172304357694380.0,62921859540812.0
31334037565104.0,18402389216829.0,2084286480801.0,1046760919799.0,150081217542928.0,83172054383509.0
33714605901877.0,24838676218456.0,2530266261524.0,1707650379446.0,167988031653914.0,74091228446001.0
33036720768991.0,27149504228888.0,1543277894735.0,1181227403922.0,188787524498276.0,64735354005260.0
26865700588860.0,28521187641141.0,1634320905411.0,1232758751399.0,208451666628981.0,63085355868768.0
33925589984900.0,22104980984591.0,1997418931112.0,1148235718089.0,200823649619034.0,60727797552149.0
30393422419157.0,27855087656064.0,2527262519281.0,1297193558384.0,151415697878732.0,75839228766812.0
33074401551641.0,19327580843462.0,1847771715474.0,1681076355120.0,203913636280490.0,61561468389938.0
33960912999235.0,28157427500814.0,2057958289557.0,1467447273554.0,196991904797918.0,72859097977825.0
28180034749719.0,19529863947984.0,1545730144955.0,1184393146736.0,196822567414259.0,62939050807761.0
26100519245277.0,22767447486724.0,1663177521058.0,1790047070337.0,177479745540214.0,74859068343816.0
27279351625419.0,27567544389355.0,2585293135255.0,1791623669456.0,173880317577270.0,79448191856216.0
29271077886263.0,19799009128185.0,2561630566080.0,1783520582541.0,168174943729992.0,78340757294340.0
33180147659225.0,20751016742792.0,1505433979028.0,1214916590243.0,153941691537262.0,77825539927923.0
33607305832563.0,26667030820717.0,2546992963966.0,1406115409763.0,163694121809622.0,60631672170768.0
25069521305312.0,26640438438553.0,2203031931597.0,1886490690527.0,164796218098681.0,57651548409536.0
30107473025776.0,25693771594624.0,2454710123972.0,1694811228679.0,179044624182612.0,75968464854622.0
29174110031488.0,26327381333605.0,2000213841197.0,1024450679103.0,194846664395802.0,66050416413831.0
27221078104707.0,24512693320171.0,2067155631437.0,1058684132134.0,178428589703877.0,67970386792100.0
26198653673337.0,21021588706883.0,2037731238283.0,1417538239131.0,153470666966830.0,55934472783802.0
28376151714036.0,22148351922047.0,2233550683301.0,1818298185275.0,207467388059292.0,62787293478251.0
34429097039125.0,20179172601617.0,1653616380232.0,1484831618157.0,206563459145647.0,56010292116234.0
28232029320208.0,28901406736004.0,1532970948860.0,1448031257231.0,197111372588904.0,81375573178037.0
30187906217434.0,25000701537193.0,1838722935750.0,1094926329961.0,209479674093853.0,62301900496556.0
32030189588952.0,22810217001164.0,2275148839010.0,1591102094252.0,182668939968016.0,71720115087190.0
28636296023793.0,23544069643730.0,1722038797335.0,1739892844540.0,207766101015192.0,56169379619834.0
34717820827210.0,29367400075342.0,2240775676657.0,1342378006757.0,154536302437005.0,75005421739170.0
34624472949421.0,19840216837393.0,2566903250718.0,1698050665833.0,171940844895682.0,64690820372623.0
27517822958254.0,25034757984202.0,1603290787368.0,1868028988511.0,163522876080406.0,81937575608730.0
29972485058924.0,24070664146614.0,2239862330048.0,1183389813215.0,161749985048056.0,81643545668021.0
28008783098168.0,25337450825216.0,1988125241235.0,1470996668075.0,158448176933561.0,64758718550852.0
27848404943775.0,18217322205850.0,2454956479815.0,1258424162276.0,187344818493960.0,82028826870714.0
25368869473545.0,28465486907330.0,1694864768392.0,1713568977130.0,196879311344838.0,84884730204963.0
31095643339799.0,29185419389803.0,2261888547449.0,1519834029293.0,184697903965222.0,79762469923718.0
30026790232289.0,24781598203071.0,2421926818613.0,1571124175795.0,158817762575293.0,80346140432657.0
25514787512500.0,26359809886523.0,2539075641421.0,1718122743654.0,198667426196008.0,62470262083273.0
27786464642366.0,29069992574128.0,2251572831119.0,1356373425396.0,188157282429824.0,72301071965733.0
34082658859667.0,26486863611761.0,2046892240409.0,1823581061566.0,173289942367620.0,57017677419021.0
27395618906670.0,19830468514971.0,2179631964221.0,1479725980522.0,190447817732164.0,57847538104650.0
26448948720912.0,24915460322002.0,2455795482927.0,1142159340552.0,165594298754570.0,84966778360999.0
29894527602776.0,25280580556594.0,2127670721303.0,1626309206352.0,170711532509653.0,64799177482777.0
34856504541106.0,23089568055629.0,1533425765667.0,1713935215394.0,205049150587919.0,77445517361465.0
27420552715115.0,26837330827497.0,2524043565058.0,1285085509361.0,167430270340285.0,79199951590804.0
31721355474059.0,29212404177228.0,2258479426135.0,1771461331299.0,178199296089476.0,80740698130217.0
32616196153287.0,29106822154881.0,2244164724355.0,1815528929289.0,203408468243761.0,84928848922065.0
27376375439924.0,23410072456850.0,1737242667637.0,1249214038640.0,192463281016052.0,62244894557706.0
32282163486119.0,19358856550089.0,2224774017256.0,1885169325444.0,153732193569882.0,56210524805791.0
28677831327193.0,29818094387548.0,1933250846220.0,1126640375244.0,158838182656738.0,67335745539838.0
31323058305936.0,28066777037351.0,2216356274746.0,1181814101562.0,150470495446315.0,58902420094868.0
31335297107609.0,19495952174439.0,1617252333339.0,1165802355314.0,187855307413750.0,55672776674862.0
30357746840748.0,29050102591408.0,2223629835063.0,1804590739007.0,176860405524625.0,65812804814245.0
25902897700544.0,28438756344746.0,2599355098348.0,1588863297092.0,158056491054137.0,78512147532257.0
33353024955892.0,24226056685513.0,1553033242747.0,1136893854900.0,207476047263406.0,71985420736752.0
28207800649717.0,25095305228939.0,2574891602643.0,1396291076532.0,181779583436737.0,64383339676311.0
26865185103999.0,22788032446442.0,1947598756795.0,1553768222563.0,164513597646773.0,74630260164782.0
25407751415548.0,18657139665864.0,2457828795371.0,1075117676490.0,180036214269282.0,61960545409264.0
30908929431882.0,22022366899751.0,2360624032464.0,1794174731567.0,190777219964106.0,55431443382163.0
31775643618423.0,27634241383176.0,2123717887085.0,1723243181897.0,154574353078414.0,77930601593093.0
25165878289279.0,18055584276055.0,2312294130176.0,1454686096219.0,166482228902874.0,73712292545920.0
30120930582993.0,22001990060294.0,2466367117431.0,1870413953733.0,198417929453040.0,77869078735029.0
27264957751979.0,22778024323091.0,1944554353816.0,1375984881348.0,177579892224160.0,56168140500630.0
31451727904094.0,24448747235255.0,1859736477720.0,1885699287133.0,182794628521938.0,80113588834920.0
26743664290050.0,29038267396953.0,2234352724120.0,1601127998923.0,175968960132568.0,73585786001089.0
31909377381025.0,22156151932392.0,2388630536135.0,1571204145929.0,152633996558580.0,71901860521379.0
28867353463005.0,22163438422755.0,2338513648254.0,1149359405766.0,159944986789209.0,73738421443436.0
34367299887367.0,26850014977317.0,2377595013744.0,1793734982474.0,176732498324513.0,80932997406051.0
26375209441460.0,23426615290678.0,1979141646294.0,1384740719129.0,162551127924476.0,72608095196767.0
28410663510503.0,20695257875280.0,2399617637793.0,1146010065204.0,152998741719581.0,72428511396645.0
26134735212406.0,23429274193592.0,1632229960908.0,1011346767978.0,200618979843109.0,84720374711973.0
34246936182786.0,19690284244558.0,2098938007757.0,1503780115275.0,208871551749847.0,77701905012057.0
33773393533810.0,20116643838075.0,1506334526548.0,1474659659910.0,197588572439804.0,68268814163534.0
27579416277152.0,23980413272874.0,1857044412890.0,1647418260132.0,201227095302280.0,76221910000988.0
31599840460342.0,23027105394055.0,1903107688359.0,1801232247716.0,164518627819023.0,66676914150754.0
33172222002012.0,28978150812817.0,1935789960770.0,1071465926179.0,207637618530792.0,61866263874505.0
30552008115995.0,22348726789400.0,2265013927359.0,1658346841306.0,161815542267206.0,72905556306633.0
30296505783560.0,24967060203337.0,1927413911397.0,1168670749688.0,207085788621710.0,82845462943419.0
27418522909005.0,25587171455034.0,1993562984885.0,1772359347841.0,209689157637957.0,82874185600464.0
25931027678059.0,18157133479060.0,1761298543962.0,1737157162475.0,192703368344763.0,65257158343165.0
33972157579533.0,25962448464201.0,1910576970792.0,1486714379487.0,208868623907509.0,70830323986651.0
34004180571633.0,20136431602437.0,1749996589989.0,1639218518761.0,184172386774026.0,61349076957096.0
31331014572733.0,29532843809633.0,1580515516145.0,1282915101865.0,165572506990565.0,84868933284966.0
28390297910487.0,19783952733037.0,2163793452720.0,1424051109040.0,176219753139937.0,84433537236038.0
28492095746127.0,22975489484724.0,2235034078411.0,1739473207939.0,185613656122727.0,74485267891223.0
32259556788702.0,19024196016944.0,2181439380611.0,1413338677456.0,154384893721621.0,79132421790324.0
33971102599526.0,29962491022151.0,2009843448181.0,1322018438793.0,187340595877035.0,76453004838511.0
33870864242651.0,24026340123975.0,1917764358197.0,1444791202525.0,208870670205738.0,72794746571184.0
32798755458576.0,25144620207841.0,2449667014529.0,1745424327193.0,161406458987024.0,56600439909667.0
31420316461543.0,18804917728661.0,2070989963650.0,1301687242634.0,197555706977303.0,68642930276580.0
25841399649950.0,26999525644790.0,2027100065393.0,1156385433822.0,204473927626777.0,75243589065022.0
26616287140946.0,20518867117147.0,1528206272387.0,1640812618298.0,206622095569213.0,75325948416511.0
33985541885271.0,28776651473289.0,1875372610389.0,1743380391437.0,207608136264327.0,66193678552672.0
31064290596596.0,20461675685784.0,1918215180664.0,1090573730671.0,181287578323288.0,83250759599741.0
25091970516166.0,20288252647964.0,1938705058987.0,1215886701480.0,208638474479490.0,60020710967103.0
26014715428660.0,18438596014177.0,2138189606150.0,1127774790785.0,195438612428066.0,70010783386467.0
31635017691081.0,23664803341320.0,2086962801400.0,1313147270424.0,159700286174218.0,75726519296525.0
25050615838462.0,24778093599151.0,2168695602073.0,1405315881015.0,178614006388078.0,75914074176754.0
26608080514175.0,18788503673140.0,2341371587696.0,1673943703267.0,193099870522320.0,74459168703064.0
30487337893666.0,27306331400340.0,2394284312588.0,1586032826394.0,164840418949145.0,63258646403556.0
31918951976927.0,23439466016976.0,2289935383849.0,1558835710731.0,188436911012933.0,59686197060599.0
31519612595026.0,24292683231931.0,2551076065550.0,1317137451949.0,189996028742797.0,74078209804801.0
27242693094606.0,23289152963259.0,1520055840944.0,1757302797776.0,159761984628514.0,72979063484183.0
32121792213475.0,22809156730504.0,1715355784252.0,1424158450658.0,183905118747165.0,60380680308677.0
27372490874968.0,24715683975699.0,1508319162476.0,1881194444214.0,196297614658716.0,76154174367117.0
28253996981593.0,19862882951169.0,2212222185570.0,1570727924466.0,179933739872156.0,68655159752010.0
32464914051180.0,20183137565943.0,2487833603845.0,1113638267408.0,150726187006566.0,75032817748095.0
31496328990472.0,28341427452162.0,1767830526234.0,1608559805868.0,150542308144758.0,80121012393105.0
33492234104942.0,29353385545604.0,2519737999276.0,1292593613889.0,171421760638201.0,60091852857308.0
31576128923003.0,22479711795357.0,1566294129319.0,1617694477017.0,205571644105907.0,55574346039905.0
30683086033355.0,21248936077723.0,2527879629486.0,1062677033346.0,163720606776217.0,78373077591874.0
25936747678281.0,25727994518868.0,1886784955964.0,1157393293458.0,188061821332301.0,73290922754578.0
28677158030594.0,22904810053177.0,1611562911294.0,1770163533015.0,163324552241599.0,75989187088664.0
27652023676817.0,18304636267924.0,2034458935105.0,1204461601321.0,169300199379573.0,80144649249659.0
27439896433791.0,19873831168394.0,1782454224493.0,1753337012719.0,200882525376089.0,79084328044735.0
34730105547524.0,26591666746169.0,1813360192158.0,1251348479609.0,193731686536197.0,83827604407865.0
28930977246668.0,25907087302922.0,1838018961419.0,1578593719053.0,155723956638793.0,71078052365564.0
33920465551771.0,18325151910042.0,2383328487616.0,1624735516159.0,175722121259186.0,69654868979797.0
31311386259973.0,20663665943195.0,2093077404343.0,1461389277831.0,151750185818716.0,67056615996722.0
32948113035416.0,20772897559057.0,1842438469072.0,1274779609027.0,178853408796181.0,59610731285326.0
30026370931052.0,26062712923185.0,2171367161642.0,1191379938734.0,189746040702064.0,72178216986461.0
30769038846264.0,18236526453052.0,2287765741646.0,1029870419106.0,157110157415889.0,63310375729779.0
29925176938189.0,19249302983815.0,1799886400807.0,1273551761117.0,167333096334550.0,82639225366389.0
26952429877980.0,27598993024478.0,1954904011678.0,1587846511478.0,173870197530129.0,72495724128313.0
32224521152615.0,20142535944652.0,1634074702671.0,1844474336604.0,205171861479363.0,72785205415243.0
27807723624409.0,25832953294222.0,1699264284488.0,1784084034037.0,209595300925378.0,65647739826310.0
25243159664315.0,20858193372561.0,2249229639361.0,1689458298882.0,152694677939737.0,56559680559331.0
31454722959072.0,19193296713112.0,1699582182465.0,1709602608928.0,195660475409724.0,55952312961190.0
26771106794070.0,20918066291993.0,2077679722034.0,1598486413128.0,172303443984141.0,67700054324596.0
34404585843529.0,26667203182268.0,2279950887895.0,1234258171809.0,173547491173769.0,57536961342917.0
34539285770026.0,28268357617275.0,1617564615404.0,1816475527635.0,195255898400821.0,73205408666204.0
34148643902204.0,27962638374804.0,2124043441592.0,1603659080715.0,205105585928724.0,81429190169190.0
28701587002554.0,22766202355421.0,1782219062072.0,1504396567882.0,207055715670153.0,81487444495562.0
25154566165289.0,26017021638848.0,2559219562761.0,1099890522292.0,184627355162299.0,74771362303967.0
34283185625877.0,20459811544990.0,2031900211392.0,1402349989426.0,171427269558030.0,61336954944188.0
29281841483173.0,21517772763132.0,2386591804753.0,1414322444082.0,197252945151527.0,80889904940766.0
34666548190437.0,28756029822253.0,2105249196372.0,1778107248570.0,165060082995738.0,81582803059396.0
34636199770893.0,18156023082129.0,1547753786140.0,1491983398169.0,183844441730011.0,60899607548589.0
33530094554674.0,19026102370254.0,2196466513153.0,1342360494073.0,171514707691492.0,77122782573120.0
27944488920696.0,20494635061752.0,2546543676427.0,1879120295660.0,189397864422473.0,63595586467814.0
28850977286019.0,18318386446486.0,2161773002161.0,1099648533994.0,164423934773610.0,79079209370588.0
33511366715169.0,20177225221078.0,2401107745369.0,1380293585481.0,161495576744090.0,84917136997108.0
28169220051563.0,24996498731636.0,2472627109683.0,1037822207654.0,205094345200526.0,55900780159882.0
26694927466861.0,23057094607110.0,1750887749144.0,1665913708690.0,156108220976972.0,81920975973728.0
30568012624584.0,28712060532924.0,1733249323899.0,1826268896979.0,180357474464096.0,73678916007960.0
34361547741608.0,27809322740861.0,2172079087736.0,1252033596595.0,163251166977781.0,84201478574945.0
31960297966750.0,22101808220375.0,1952131316787.0,1772507509119.0,152335797799540.0,68950285525793.0
30700611700894.0,21113081201176.0,2423847433153.0,1262996407416.0,152161129097486.0,80421637917141.0
25971764937708.0,22556308898007.0,2490025435738.0,1819693145480.0,160513306326350.0,56871822057948.0
31150072266992.0,25083539310178.0,1888763517233.0,1678565713237.0,202006221270360.0,65058371502349.0
34900538501043.0,21216763689875.0,1760557614872.0,1724416099157.0,166948724638622.0,57010496132536.0
26400840152365.0,25489786894190.0,2358578066768.0,1016205900040.0,207027550234518.0,84260294004372.0
30183296523637.0,22912939826295.0,1802286639103.0,1866529321367.0,184897337579352.0,79509217218155.0
33773730719280.0,24624566170224.0,2404875750365.0,1654003892863.0,176196851386126.0,80576422637379.0
32407686177542.0,23233518349624.0,1966112079014.0,1274275985848.0,184805330080167.0,83138956943017.0
31970157409953.0,21533589114503.0,2234304889221.0,1746455198373.0,181001903113576.0,57553104583594.0
32024840839871.0,29381439683546.0,1605088845218.0,1253369078573.0,195526575225440.0,66567927775400.0
28594911512198.0,27163269529917.0,2186245257144.0,1785478455610.0,166949763958371.0,57131046671320.0
27935918442645.0,19681358109197.0,1996944446611.0,1101322351371.0,171183023496018.0,61323793046501.0
33093611554785.0,28421615710775.0,2145269309493.0,1633317379715.0,203645658151995.0,61880973311130.0
33101133946792.0,23849174378994.0,1684815628519.0,1486628628980.0,206787390789024.0,69073216331427.0
33670723185801.0,28734626722729.0,2310561119439.0,1086881023176.0,203553493649188.0,63056865023609.0
34132405525565.0,27598263071368.0,2449076785298.0,1217704445433.0,175166879637439.0,58029343204533.0
30113423988609.0,23102562053631.0,1738413780100.0,1011163632650.0,196821930180413.0,60024732672823.0
30015162946872.0,18269631699841.0,1605286011072.0,1421891168918.0,178580143998066.0,59418266906563.0
32982951789668.0,21224128312619.0,1526002444651.0,1271138734684.0,179852391128766.0,84192303937369.0
31499639307778.0,24499610575930.0,2206168650488.0,1538521735868.0,162280806543437.0,77778775207554.0
32019668772577.0,25601738637914.0,2167803439698.0,1267514026938.0,185467818195511.0,84032843958087.0
32957926694361.0,21094652225198.0,2101367153985.0,1269927200356.0,161168153865201.0,68192214595237.0
33900053418176.0,19672272888874.0,1755141805728.0,1668873878858.0,169893881944032.0,63351054449880.0
28379951568515.0,28019162841592.0,1929996595496.0,1043328552381.0,201301812097196.0,78948795916276.0
28755829526399.0,29812826168443.0,2153923968705.0,1812605495673.0,162424548552651.0,64787617541234.0
25939819398409.0,24308282187632.0,2046443544745.0,1767037486952.0,154269497110406.0,63981501211160.0
30782801409962.0,20060151430180.0,2586564072236.0,1601024214904.0,154140455556769.0,61975179766235.0
25359422737967.0,21267687918232.0,1650083727812.0,1533899413097.0,206447071230186.0,58890369346727.0
29655980181325.0,18220688118570.0,2264659009452.0,1803072248326.0,180415226277710.0,62693891830503.0
30426446347076.0,28971585678726.0,1944750644915.0,1166797161576.0,174564724309021.0,65659592454217.0
27865412521283.0,19413012994682.0,1971019576418.0,1071072245972.0,198652714860475.0,75219826244372.0
30908332605690.0,24918197706171.0,2289357542224.0,1215559152919.0,200149555674631.0,56876945266584.0
25305002499390.0,21288662648246.0,2261679766457.0,1715120450830.0,169931461986936.0,61315208189960.0
25373481887492.0,24650136030190.0,2590381593072.0,1031203240054.0,191617083448428.0,79270709208750.0
33226005606597.0,25817044660222.0,1641233718400.0,1524526151575.0,196267368951113.0,59407657707513.0
28601906414113.0,27956901644486.0,1614520614323.0,1895893764572.0,189279041211957.0,65279354395676.0
26270605126519.0,20477055261127.0,2296772698842.0,1770126484454.0,159095704488006.0,80939767655744.0
30222432600548.0,18131949943902.0,2136225608707.0,1469301120139.0,202552985011023.0,59647759334303.0
32699935530986.0,19642627560826.0,1801576733216.0,1057276818358.0,182345673164161.0,57482105068546.0
27158210274968.0,28800223702177.0,1587361305888.0,1748236162947.0,166948345582200.0,69536139852400.0
31228904758190.0,28486680930750.0,1594224074556.0,1539080657359.0,175513691126262.0,64072585338356.0
25853474649938.0,25168957226044.0,2483609962131.0,1103439697354.0,152254265423934.0,71902250934516.0
25516817211686.0,25206202325204.0,1711054057191.0,1084471556341.0,157672008073345.0,79114146714504.0
30313546315681.0,25980440094555.0,1855708718327.0,1818664137493.0,195932805030952.0,59114454644582.0
30406351216101.0,20104455343481.0,1749322042450.0,1602280236644.0,150000698085322.0,72420972536629.0
31374299014982.0,28972943351100.0,1890495936415.0,1746358119385.0,174993949708938.0,70165262811696.0
32260913337227.0,23025246298705.0,1576366227021.0,1791081010254.0,181350610865135.0,59322363580396.0
34758520794625.0,22597662338994.0,2070965769999.0,1514595116843.0,153278065200058.0,73719954565869.0
30163003483012.0,24227012463394.0,1574373819951.0,1465701716580.0,208384689778340.0,63209212535823.0
28229564729412.0,18563591601301.0,2380392158605.0,1387384669289.0,163567519874980.0,69635029556320.0
32951861947687.0,19995400425073.0,1757083290101.0,1285251929012.0,168251923178177.0,57468169728312.0
27708322512621.0,26856403397116.0,2094013106065.0,1391136364773.0,168236550735302.0,68787521716409.0
29389714207056.0,18993584015102.0,2468086996318.0,1696491690157.0,163824999727041.0,64193904041285.0
25784563813423.0,25237825313597.0,2215965105952.0,1541731087914.0,150088429325179.0,79671436335561.0
25253507434155.0,20944189316176.0,2086253565206.0,1803270960959.0,193760687645280.0,56709361809921.0
34626484146779.0,22671547368504.0,1856767128427.0,1399042012941.0,208010729987957.0,67558218247550.0
33359801205122.0,21464324841248.0,1866302104364.0,1546380620847.0,163457608997103.0,68752942723943.0
31959742060937.0,22268072597579.0,2236435650718.0,1568176797783.0,189782831508205.0,76750182288974.0
29089529444143.0,26628550862211.0,2593553297343.0,1532527446076.0,194513779617523.0,72228627252706.0
26732943200708.0,21565460587478.0,2228023108834.0,1632370395777.0,200905522745432.0,75016370115825.0
26564370426711.0,24796855683563.0,2113561759107.0,1213690121537.0,175357751820817.0,78311478569553.0
27502428981646.0,23712604826389.0,2303715561263.0,1461127399791.0,168175854338426.0,80866089209746.0
30492266647061.0,25964053984352.0,2011726173512.0,1093802322528.0,169517708041382.0,64416264901674.0
32145959227001.0,29241956871897.0,1566156576861.0,1346060194880.0,192757279985911.0,71140681160917.0
31601973767177.0,26790865166523.0,2118526497466.0,1438900361759.0,199006767990338.0,80203242353176.0
27799338969459.0,20579284543089.0,2553387812956.0,1587001833591.0,160896838065396.0,84683533928952.0
34548652806632.0,18374197620735.0,1692833236593.0,1855477947328.0,172256460489466.0,81685579331313.0
32378969166958.0,21147168531598.0,2259005379903.0,1540585959894.0,204116411804949.0,66144017878731.0
30543540525114.0,25140935168403.0,1721027057525.0,1669234524559.0,198401611181684.0,60854995516560.0
31117207462344.0,18617109761811.0,2089410452920.0,1455639453546.0,209091504165749.0,69681776122198.0
29196000624278.0,23956394966415.0,1606344094611.0,1570693628239.0,195254895580925.0,77249243555081.0
27477309895012.0,25162114187003.0,1995408029884.0,1063838994520.0,173591712061675.0,69777072122599.0
28559726786513.0,22010926689804.0,2331779661785.0,1228952422758.0,185438270039678.0,69495425899410.0
32578461104644.0,27250946444950.0,1882328676663.0,1325667783885.0,189660855254839.0,80146912632454.0
25143934886298.0,19279179037605.0,2231402896936.0,1425244019506.0,154707348979027.0,65842113372016.0
26160726405069.0,18901653380830.0,2374994956869.0,1041083870952.0,182669817546232.0,80793840244349.0
25460026420218.0,26738265074443.0,2519895601427.0,1126021687798.0,192559249708357.0,67204144028552.0
25407288023190.0,23945895794474.0,1758106290041.0,1249132877012.0,160039278240064.0,64846993170350.0
33554605840110.0,26260828757133.0,1939247507390.0,1874379421811.0,196837903045533.0,68619697335991.0
32036578593800.0,23217928063245.0,1667657614663.0,1298212306393.0,185026366830847.0,77873408760246.0
29741738290873.0,20956824398869.0,2591731852374.0,1433836952301.0,207133307141856.0,58780060835920.0
25978341606510.0,27829227812090.0,2519701064717.0,1176487941465.0,152545337892414.0,60892576476161.0
29916158751168.0,27592990547628.0,2093952843309.0,1549702063968.0,165919568253328.0,83543344769893.0
29734717707806.0,26336357650253.0,2426236623814.0,1252614893964.0,186093232757989.0,60264748821441.0
26732018699100.0,21265741646760.0,2073053774999.0,1186293320595.0,167793594732356.0,72031819537932.0
29338516492380.0,25082768002429.0,2185944256803.0,1464915365601.0,192865449844275.0,72379433999858.0
28985047343974.0,22331686763280.0,1598036875328.0,1004955219244.0,195540316951316.0,69688733861507.0
31158500980522.0,19098984879920.0,2330797462546.0,1006897629384.0,156150957843988.0,74342357457305.0
31350936508676.0,29007762905547.0,1640484831999.0,1197161928192.0,180831267852406.0,61894801773929.0
25453040097720.0,19641823571028.0,2408674393278.0,1033049226251.0,180533433335463.0,71579868033302.0
28746126146265.0,29402848245850.0,2360230896437.0,1097223178718.0,172156846212932.0,66165197657407.0
31258599157142.0,23352069275495.0,2279619167517.0,1304974584405.0,205975491754180.0,74850017788876.0
30031362585801.0,20221595146063.0,1539776418577.0,1722327111622.0,199650379192393.0,59236706301194.0
33564898411883.0,24502811368540.0,1833441191540.0,1514843779032.0,191832562914578.0,72126322505184.0
31586936316189.0,28475350030517.0,1789423826902.0,1461400953361.0,192859598144100.0,60558110661500.0
26629344270814.0,26786698636915.0,1896150048219.0,1264139940887.0,177702968628787.0,63359291893451.0
25705687474004.0,27678733774337.0,1596407021440.0,1838578347490.0,205259671265795.0,61561294009708.0
31424192782063.0,25905400400529.0,2530653605334.0,1357313537113.0,191675725635197.0,60485133396065.0
25265113105416.0,26307318774214.0,2109182464784.0,1078383490116.0,193738863699349.0,79771328546820.0
30857755812735.0,28190347818784.0,1836076741724.0,1555359864506.0,201701454227241.0,63571227029827.0
34402302414250.0,20996016106310.0,1936679668782.0,1102454554129.0,166444295360531.0,82813713455933.0
30754741778759.0,23873099563718.0,1991922794555.0,1310700828522.0,198424254232002.0,84097795760356.0
28881699262065.0,20654513301835.0,2160653766697.0,1456670744846.0,161714436177390.0,72137814098113.0
31432882184424.0,29852016095960.0,2067247370466.0,1786800272217.0,170720517134693.0,59290033679972.0
29582528904915.0,29328712076239.0,2511331170536.0,1444191922306.0,170136627256191.0,66236447301387.0
30456167893159.0,18473121736422.0,2046659831196.0,1632032889428.0,208711528103348.0,78931967900446.0
34414648087765.0,26466902070188.0,2591373816306.0,1893535155099.0,201392233424876.0,66021721860912.0
28861026378008.0,29102979808988.0,2436567453520.0,1118340207908.0,192070191695416.0,57610516549084.0
34611905638239.0,20166904141528.0,1729361565793.0,1247258372968.0,193623405696923.0,71703547327846.0
34053506419561.0,24815342766632.0,2523654736108.0,1355118468038.0,183724367664154.0,80353625544881.0
26957911347893.0,28985859571056.0,1628003037674.0,1379645360685.0,206825440026511.0,78877791614305.0
25693613008752.0,18407351743030.0,2399194679340.0,1369918967739.0,179775525172942.0,60253694203911.0
26007780013774.0,26369043206962.0,1918685622824.0,1816849902301.0,172831062592194.0,75182938432374.0
25182218256515.0,21568188088471.0,2465771752490.0,1642629380020.0,159782120215895.0,61615127903069.0
25944429607559.0,29092754344518.0,2454862359118.0,1547114692682.0,197172339135663.0,61546226036565.0
31830067734164.0,29652698941984.0,2386517940129.0,1278435446077.0,194066635924536.0,81222153199156.0
25711886484602.0,29331197869361.0,2369033479938.0,1741411345799.0,173061302311448.0,62490068582207.0
28189756302938.0,23690570599890.0,1835147053008.0,1859554460336.0,151511604837554.0,62897420395540.0
33448753109695.0,28344511811872.0,1589011211356.0,1739078454295.0,200339839663081.0,55019601722839.0
25232719357358.0,28134592782421.0,1943278196642.0,1001408594672.0,150685079007244.0,81120071023766.0
33144684825889.0,21829205678919.0,1690876966485.0,1572761233165.0,192221986777743.0,78777844396274.0
27818547747734.0,27946985689808.0,2264446197793.0,1046021843298.0,208215426583563.0,73819868052720.0
26181648276217.0,18444091616586.0,1880709699192.0,1231846498300.0,176259679688892.0,77507972918165.0
31967371653642.0,25155238541785.0,2573171220946.0,1053572230313.0,164098404299757.0,59561457022735.0
31289428467799.0,20760106047452.0,2205069285080.0,1543415907654.0,192292260602603.0,68749707837627.0
33774720135271.0,19446802629327.0,2404728619998.0,1617930922143.0,199027688520935.0,65536581620463.0
32350710438039.0,18923438419551.0,1645777140016.0,1103038874259.0,182785818964671.0,57813295787710.0
33034809303848.0,26355465310538.0,2448215930500.0,1345454994740.0,208022116515369.0,69583914556448.0
27820345725713.0,22078499565217.0,2515032909565.0,1410612858060.0,153100123299478.0,82622189510279.0
26774395437797.0,26697201258345.0,2035768110701.0,1332147719585.0,180287735898272.0,56201773571521.0
32506147516409.0,18784276089587.0,2166878231526.0,1108922500437.0,193107236839353.0,63743827404814.0
33068347392673.0,21783484053967.0,2341290780993.0,1377053011169.0,201758428268951.0,61226228086171.0
34905051420007.0,24473895508504.0,1692322489986.0,1676060243028.0,160755336714467.0,62144399609971.0
29126176769114.0,27488677978068.0,2052822684110.0,1063906898080.0,198000208905821.0,82253036556381.0
28720180857928.0,21825030035185.0,1938529330550.0,1072162012674.0,183162424543113.0,69042071627029.0
32764129607420.0,25510696517244.0,1661011391378.0,1319294162652.0,173793220919398.0,68988982388195.0
28408035402530.0,28631732978834.0,1904287864521.0,1847553140457.0,157902901714746.0,77817269273658.0
34307573256036.0,25390358258188.0,1574989540324.0,1601715382051.0,201917745534535.0,59634766120148.0
33584127518430.0,20795513697044.0,1528393097644.0,1610802961005.0,159436392490783.0,69617960623002.0
29289940273750.0,18292809378678.0,1648682918070.0,1325727991754.0,168587271552546.0,67899556423632.0
32508710677915.0,28441186486811.0,2559426622748.0,1534294712088.0,167402731917746.0,72907320716400.0
32545428740847.0,18255232930205.0,2104482489485.0,1009118065625.0,202284842051451.0,84986731097513.0
26031238688359.0,28496420072210.0,2562404377269.0,1572486441769.0,190362179652534.0,78083466822461.0
34025529066796.0,24347245608327.0,1975747666163.0,1821958252819.0,197800883831482.0,66935971090523.0
30052523724479.0,29268812382155.0,1842997746394.0,1551316121510.0,165028073927550.0,79826591568221.0
33264574661077.0,27585398829284.0,2056756049124.0,1786328734120.0,187492445976420.0,60121250899374.0
28200496010306.0,29975209326400.0,1983462857496.0,1651575749919.0,184304758988625.0,55913910589269.0
33955232284962.0,22208541785421.0,1616231152688.0,1108502574763.0,199969822607296.0,61133451173928.0
28892016787342.0,27206259467174.0,2204908946159.0,1812207976557.0,204365223628876.0,65212346683428.0
25108376514803.0,22823170963311.0,1737642000761.0,1059799459920.0,150729406288643.0,70317422723787.0
34053819764193.0,23758507443647.0,2181546750388.0,1480570725293.0,190441195143528.0,73453874216236.0
25912866767861.0,25530065558620.0,2215221201638.0,1127923411414.0,153110147947184.0,82318171516433.0
28193136375904.0,28484125370236.0,1667227338442.0,1010535949658.0,182931519904641.0,70295620286514.0
34500619670508.0,29809001630392.0,1567484589822.0,1379830834115.0,167257963742621.0,70038269338772.0
34506071469376.0,27219280966374.0,2358837744675.0,1265536636889.0,168406595971328.0,56507290294689.0
30734378881233.0,23013201386008.0,2005780466146.0,1437400444418.0,171177510207141.0,56047346579687.0
31318372121698.0,23056284027325.0,1563980175056.0,1519479898061.0,187277546942977.0,71534798857491.0
29484455219783.0,26850987619067.0,2594352948887.0,1039365165078.0,170042997940126.0,68145358397450.0
27932107716981.0,20865325749220.0,1563558617096.0,1110702965611.0,193961943035417.0,80175411849409.0
28286645453699.0,19325689357577.0,2264538751744.0,1502778156805.0,174271643134432.0,59820387541355.0
31725184560770.0,22255465891689.0,2582046817790.0,1308850617855.0,154101192018598.0,55749149863511.0
32523745294377.0,21446867899849.0,1763098114638.0,1656256138795.0,197025590549046.0,68471163037904.0
32915790437258.0,21555697445472.0,1656474305556.0,1587062483733.0,167145499475562.0,62124356702568.0
32896181427946.0,20803293012599.0,1633523433365.0,1761043926691.0,175966012775956.0,56488431200165.0
25912061030487.0,18505118275636.0,1833602662324.0,1623243544002.0,191126632993314.0,76737948605429.0
29944203047026.0,18214487216801.0,1611150392112.0,1386937969651.0,169947369428923.0,58347789998717.0
25575587600166.0,29852668676832.0,2261377475864.0,1605669960155.0,153395139368803.0,73249585000233.0
30495288823237.0,23133277604830.0,1568520977943.0,1247843056830.0,172435262820769.0,63431492505007.0
29415305013734.0,22611919765916.0,2060364340965.0,1275682148900.0,206666914961658.0,60204881510651.0
33877041827583.0,26155767392317.0,2596366539238.0,1710086643929.0,188504063837914.0,66392545687580.0
28509150125521.0,20619046654381.0,2395367296457.0,1401777564761.0,190288748920032.0,79043373286689.0
26170670164276.0,29399534207403.0,2176741382054.0,1718542306467.0,187936929218258.0,66762807307137.0
26429916820528.0,27436140172987.0,1836878982865.0,1740180136301.0,161939528337566.0,77523089476332.0
32615106317175.0,19072932027747.0,2186285419921.0,1771806103895.0,175100031846137.0,58764588903975.0
31182180633163.0,23010969309419.0,2079745610303.0,1824971712257.0,195056387901799.0,78183142589952.0
26011226761228.0,28549419690746.0,1968691722279.0,1387886698462.0,156082373853190.0,62107999747199.0
25841068061150.0,29336784267497.0,1643781414414.0,1286980136489.0,166671166565383.0,75321793896666.0
32009691314591.0,23608818134998.0,2475264636765.0,1523978871935.0,166579146507951.0,71973446645230.0
25727630063642.0,25360936670528.0,1994763113703.0,1334055181094.0,175921135655670.0,82874341516351.0
33218600592904.0,20004407353105.0,1714084763003.0,1540966750120.0,208822124456531.0,66619675539259.0
32062422271565.0,29894023513644.0,1904535285965.0,1635027276379.0,154050152801029.0,56984955665033.0
25813487806419.0,20780060416601.0,1955542727782.0,1619564516643.0,181122059662836.0,55574664566538.0
25848377140852.0,29312781289622.0,2410291685124.0,1337097598318.0,160761880920733.0,79805756829183.0
34866395785012.0,25795759787908.0,2306975818618.0,1150174181529.0,208240592724585.0,70742069129843.0
28742707957561.0,25292841538546.0,2346235383005.0,1387476404616.0,156798210283648.0,78257321555048.0
28706421470669.0,24152262132198.0,1512134390872.0,1128334729674.0,174216060141695.0,62032768000345.0
33127995672575.0,20768037740613.0,1957769397998.0,1801087331665.0,194273099090076.0,65352512365397.0
34472485773839.0,20118336384066.0,2029478566799.0,1311289714664.0,192273265681647.0,55903116166340.0
34860010638229.0,20645834508842.0,1521111504505.0,1139013772501.0,175363718213636.0,83844769737223.0
32533781852589.0,20237259145731.0,1785794529620.0,1022902983915.0,170791450077163.0,75036037201024.0
28762595855309.0,27355013682801.0,2336318805434.0,1581240147658.0,173856742713172.0,82996152632779.0
25835007166987.0,22201503110001.0,1650820676302.0,1573212085709.0,165856575789518.0,62964892222872.0
32771469159274.0,18694112118761.0,2088841144598.0,1306543749923.0,162319976322408.0,73343908336770.0
30584042497358.0,29629231561690.0,1736722059219.0,1064540699963.0,178982381853533.0,75354999048779.0
29242220092470.0,28605430619561.0,1513332852108.0,1368666005406.0,166112025364056.0,64526491007728.0
34063543850947.0,29133027398343.0,1765321603359.0,1280095745557.0,167247699893835.0,80443277050469.0
26111974823062.0,29938893871757.0,2573461130401.0,1609408575762.0,189405363808473.0,83414843887007.0
29926251042909.0,20086742990634.0,2381690823071.0,1545201324507.0,208112239901994.0,81545653530880.0
25113536447674.0,22754904226832.0,2555534308753.0,1328134355378.0,186218232033562.0,77172009278181.0
29686606419941.0,27098861708449.0,2036639448319.0,1196103298829.0,154618768023898.0,63323940391749.0
25563032756818.0,26352247416646.0,1620709818545.0,1889232369540.0,154535016831244.0,63448481263169.0
26188179162681.0,19846750876078.0,2102755437871.0,1408601459077.0,207085393250734.0,83900809613381.0
26175262467771.0,27789997499887.0,1999815068016.0,1619446812202.0,167837447418440.0,55308534878071.0
31492103021161.0,20693286862040.0,2428792791014.0,1126497670821.0,155524019164949.0,76481499197264.0
32460448792654.0,20685811377871.0,1607890838863.0,1437030729693.0,185942675229023.0,76187384876658.0
30833687650972.0,24443693074721.0,2037065250724.0,1024783047883.0,187418926697416.0,73680686228494.0
34621725484745.0,25115279218100.0,1665053531163.0,1454909606119.0,188910289207121.0,84703265382606.0
28748705795237.0,24961034494054.0,1857143519579.0,1867615666406.0,166044121671452.0,64356383072912.0
27857120862819.0,19097842048773.0,2311092785127.0,1345786041687.0,150906641052868.0,65199155913797.0
33685991281895.0,28529530351565.0,2023619942306.0,1035096411317.0,207900922167268.0,57368182088397.0
27235958385195.0,21187200511064.0,1913477113660.0,1027860211827.0,165053582741466.0,68283944096312.0
34632225394406.0,19554179055394.0,1933923906427.0,1349188083952.0,190561577283153.0,62831455787045.0
25121544746898.0,28664976958428.0,2005391445247.0,1144022442817.0,192397792192723.0,65301601065329.0
34698788267076.0,29467817978757.0,2363518198221.0,1021016886695.0,186600445024769.0,80037153707669.0
25431599119506.0,28345531407185.0,2481293157834.0,1680592252555.0,168774443652819.0,83064535405825.0
33911431136981.0,27714192896699.0,2550868155154.0,1412670707994.0,166265775225844.0,60571992160156.0
30277011090863.0,25862903767668.0,2365593724881.0,1260320294775.0,185860096962162.0,66175267946604.0
34929647961193.0,24610288447310.0,1846947585323.0,1810074864715.0,201965738016702.0,82858916863462.0
25737965647354.0,19043841118937.0,2256948176695.0,1104525064180.0,206804023735404.0,56854253820677.0
30538542844013.0,22901438556848.0,1981363436461.0,1860326946060.0,156354348264225.0,57770815843341.0
34693025356191.0,22472262204148.0,1780137684251.0,1282570045640.0,159289716755863.0,59883729676187.0
30230978441701.0,21117045405124.0,2424958737369.0,1799563305078.0,206684175526985.0,72856385023806.0
31293986381353.0,26681041364263.0,1542268983859.0,1542648588832.0,194192113700088.0,59514168130180.0
31957486889846.0,23950508820945.0,2491938191349.0,1744036623767.0,202979629489786.0,84042291443522.0
29545410647678.0,18972554590892.0,2007625211087.0,1885611846889.0,162157958048121.0,68401435817756.0
31275580800841.0,20642198423398.0,2200921624489.0,1259564894037.0,185255152266564.0,70045538810505.0
30843143119231.0,26199105163915.0,2225289314426.0,1865021936867.0,192068375665048.0,62399758474162.0
34011580104910.0,18913570313884.0,2484629514777.0,1350533705412.0,190806713126818.0,69128807573042.0
25454463803415.0,28214482968585.0,2200336650384.0,1346960714263.0,174489101452002.0,74857408979110.0
27809631895922.0,23941758324168.0,2175326943236.0,1306348393829.0,150923693501478.0,77535314108621.0
34504114840766.0,23767038927920.0,1573317244617.0,1487266846613.0,184975563408256.0,77616042481297.0
33902637838909.0,25108893415914.0,2070248824140.0,1138730538861.0,165186092350777.0,72336733380823.0
29556567527857.0,27896171591102.0,1665185900899.0,1498340336822.0,177015254768573.0,82130793249816.0
31201325978015.0,22173710494826.0,2311177145594.0,1487534331169.0,207454860905029.0,79522235419183.0
27773811829811.0,26136193830709.0,2063444112894.0,1685711631344.0,173942119058546.0,77711443440959.0
26881211597238.0,24788783567949.0,2248250557129.0,1750284965744.0,200388096399866.0,56668165650414.0
29636984049400.0,21204339242033.0,1545840190663.0,1396397215281.0,161312436344955.0,55206338866589.0
28533522280261.0,28543559836262.0,1593271217650.0,1272099924416.0,190347629881502.0,61373418315864.0
30836561118509.0,27569112259283.0,2287955726869.0,1233401407585.0,208620417266337.0,74905707817404.0
25777346369650.0,25901422015901.0,1579292769599.0,1175161453034.0,156113586052376.0,67335924666476.0
34743948076662.0,28206980749131.0,1578382400542.0,1051882823979.0,150499196533632.0,67072187778979.0
34862107444796.0,28407530411518.0,1513319322758.0,1308203180951.0,176014967557957.0,81537606646888.0
31981617140197.0,26500355720580.0,2552151538129.0,1243222922918.0,155557528983082.0,81866885443955.0
30360963663441.0,28044159940364.0,2311259195405.0,1869775647280.0,194903060980574.0,82275257921608.0
28095276162863.0,26369657540031.0,1888576549352.0,1501937943625.0,204872919830914.0,64416342295451.0
33137950197069.0,26161689261124.0,1826189139416.0,1312549335127.0,176041258362526.0,75731674382178.0
31847311725539.0,25423336538582.0,1884673552720.0,1522420840894.0,165522698529326.0,63148995438231.0
26626169393449.0,27032599674692.0,2352118884299.0,1125277031211.0,176064199140397.0,60718294992233.0
34109271844938.0,19903261263517.0,2227507672177.0,1399639374282.0,193406869071000.0,60538973720421.0
33225372429232.0,28570449110387.0,1703715124654.0,1563610889279.0,150543249694822.0,65263228625908.0
34497999132919.0,28462122332943.0,1691520268867.0,1440008048613.0,185367239369082.0,67898728593395.0
32257195083884.0,18350967396415.0,1608235214685.0,1361600920589.0,186797501093243.0,79928475131652.0
31134151959358.0,27909801006777.0,2226332991671.0,1894463550010.0,188261294813756.0,58596732804181.0
29182430362906.0,19546438409681.0,2340809928444.0,1792283285934.0,164521324798853.0,77047775421847.0
34327284833540.0,22021426251110.0,1791551071158.0,1561065362343.0,192843163402688.0,70943647425679.0
33660638895004.0,26922099075499.0,1523039457134.0,1512439625064.0,155483489179907.0,63638360280280.0
25452186701062.0,19929118752580.0,1590388834224.0,1558594431842.0,161956220188008.0,69784587535985.0
25263669744973.0,27815604289429.0,2564646038330.0,1181180897040.0,202648202799269.0,63998262093311.0
28764633668780.0,27985610135493.0,1824989255225.0,1355623968938.0,194323389043594.0,72882458657149.0
33105533307818.0,24089612805130.0,2346145462622.0,1035513579602.0,150824733240681.0,68015317685657.0
34872761293149.0,18076630460602.0,2187129925740.0,1427991433738.0,164902575622188.0,59932165872366.0
26504168911035.0,21444457598099.0,1920133603618.0,1488722125562.0,162864388979590.0,58497492236671.0
30941307153521.0,25403123020509.0,1726255988415.0,1204974762493.0,166248379682218.0,71400870462164.0
28808908566310.0,29774234136329.0,1633525059975.0,1867625962449.0,164853586216793.0,82072390998583.0
34699143978146.0,25581762324200.0,2176514264843.0,1818509149844.0,153751577744571.0,65318730596731.0
33421189231357.0,21117642972770.0,2352097158702.0,1649928911910.0,177536430995809.0,76990003216679.0
33383287047111.0,25608068437195.0,2208294678895.0,1480047965889.0,193964008487170.0,74759840648193.0
29686931597950.0,24479824556590.0,2083332346574.0,1782972243683.0,186403903483046.0,82946647429284.0
29148195023377.0,27358144741814.0,1546146345775.0,1117587109441.0,190372300115885.0,79629430518974.0
27734070719307.0,19283767665924.0,2565337655354.0,1711458814847.0,154868950712174.0,71998157767164.0
25563754966509.0,27132334830024.0,2378585610820.0,1112338732570.0,207089442610607.0,74710914947023.0
33647223762551.0,24495198944113.0,1822104240371.0,1714789596294.0,200309510030582.0,81951593997521.0
33129010091301.0,29555904046308.0,2577967362295.0,1248190811426.0,198305419109740.0,66985563537608.0
34997176732861.0,22102465992464.0,2162069748600.0,1789381522916.0,199379028302506.0,64803841175733.0
34966368370739.0,25591462717607.0,2140664924028.0,1849637884443.0,205962630487966.0,55324332509056.0
30554317056026.0,29184337266120.0,2322880497372.0,1133916372465.0,182655237966822.0,79796532225744.0
32689874151805.0,19230116735888.0,2392946766899.0,1416408044559.0,162016921072058.0,79029421012101.0
34447657298824.0,29246741846837.0,2222126468065.0,1882888640346.0,187007016471152.0,58133635543005.0
33496473906774.0,26254628667610.0,1640905321003.0,1435066692376.0,194572889620076.0,72305721433981.0
27473481017432.0,18814044709262.0,1872094256594.0,1777192770263.0,194275043601242.0,68919450945007.0
29505441353101.0,21611562803362.0,2520892004359.0,1529858369918.0,181286941450013.0,58561272865273.0
26291594151515.0,26498065063743.0,1747077173028.0,1337796917128.0,154107523160015.0,84417046811822.0
34540510272587.0,18808207217625.0,1909383726221.0,1257205199973.0,172266776305808.0,61440876623901.0
31061746344509.0,24986045522115.0,1975284571239.0,1182900781977.0,205245996507801.0,57017025402717.0
27286428055035.0,22150596683435.0,1983345488664.0,1685618372240.0,185066934585446.0,72845421385057.0
31717006844059.0,25450986213210.0,2174233540744.0,1347886456141.0,182299916595343.0,77166000313991.0
31181282404579.0,18548904405750.0,2537383421519.0,1460147915981.0,166131210862932.0,55973303381416.0
28581627180328.0,28458441673829.0,1764761983016.0,1443092932001.0,172106935194995.0,74761529161811.0
26135575921996.0,29681867630129.0,1633651513931.0,1519551126310.0,203720765349190.0,70968756278544.0
31715731955928.0,29626534263428.0,1717217538846.0,1779019431062.0,189987782851610.0,58097950266251.0
30203077009038.0,26995821980915.0,2475617390230.0,1882665409225.0,197243221605140.0,60175716308391.0
32723183917356.0,19561034881568.0,2210391893921.0,1366825787716.0,177260725384059.0,72039228919482.0
30201635011120.0,27099158351148.0,1814497468163.0,1744767029896.0,187814833167369.0,63890728405399.0
33521815003185.0,18295042997506.0,2397541632865.0,1688075015189.0,164903016524592.0,83149471859539.0
30519068387745.0,18265482618348.0,2447506996000.0,1516176056310.0,192327649817009.0,79562206884522.0
30609379715354.0,21883322629794.0,2431165772559.0,1860442429251.0,175656080022200.0,84507016195410.0
33766536026583.0,23863718284856.0,2510819187004.0,1180427063976.0,176552730888885.0,62790125168512.0
29034828662124.0,27244889013694.0,1777465122191.0,1098337789279.0,188959339474613.0,84091708983939.0
26340152284506.0,26199544519278.0,2330546121621.0,1768565770260.0,206176837288136.0,67937016093747.0
25287826763133.0,23350832476521.0,2006593447002.0,1395234834970.0,153840380796517.0,65425563859413.0
32551372556736.0,21283519995380.0,2426198408179.0,1762271968786.0,199484594240820.0,56510485809081.0
31203095513535.0,29965494001893.0,2301339744878.0,1803781184676.0,167542986624732.0,56582957735788.0
32040797680992.0,23114175626832.0,2354092191150.0,1056211834257.0,176635167270383.0,75760337678400.0
27129641615089.0,23416644291956.0,2221778021449.0,1795118286687.0,151314799726501.0,68737869833021.0
26363714755868.0,19963485854300.0,1695171646417.0,1403487149832.0,168062764670059.0,61795648781083.0
25145446656679.0,27537714584999.0,2099529610787.0,1459389240104.0,180157874557808.0,73419109189757.0
28505875588066.0,26324186709378.0,2583136713477.0,1563933259984.0,153370564640846.0,62585743547503.0
30899176868546.0,20649235353465.0,2531126873147.0,1833744346057.0,179465743762990.0,72328952630333.0
28922440450997.0,18988572547390.0,1547491109377.0,1017204484987.0,205626637731506.0,65776262409481.0
29374749220237.0,26165991624897.0,1681296297302.0,1429159121486.0,156323593086468.0,79706566798355.0
34041586944937.0,25854134571374.0,1644901650800.0,1618949838188.0,195866443684530.0,79620884823003.0
28482554670233.0,21279114323979.0,2298577900984.0,1650436261928.0,174580263202560.0,69320511943672.0
30139894891598.0,29410362747005.0,2399563862843.0,1623279188383.0,189310422871460.0,65524573280050.0
32836530127411.0,19812694701371.0,1734862502942.0,1120991616467.0,165614195879114.0,65876793896773.0
28965427823213.0,23188017612511.0,2056437962247.0,1269456029535.0,159569535752482.0,79171435770047.0
31220867002279.0,29323391042011.0,2424773330812.0,1322843972875.0,159627756856274.0,64845384483928.0
33623637087467.0,23036727803113.0,2306081699243.0,1723993486912.0,154229516738589.0,61271781211205.0
34495206236576.0,25662311371969.0,2096460926041.0,1250883885173.0,161138802294075.0,57540650256259.0
26470734809290.0,22771132775554.0,2149382459505.0,1189634467480.0,189853163099338.0,69000793626532.0
34265876251615.0,21290582428184.0,2059196601608.0,1861703217134.0,202901436710610.0,69463962967595.0
29921162930795.0,29807731775518.0,1827303296451.0,1007976956602.0,198847541135470.0,80227261312087.0
27582443882990.0,22912008075781.0,2121524192145.0,1898038770114.0,191108058592469.0,61637160893382.0
29591357562383.0,28729190444150.0,2257773832255.0,1609139168972.0,156625911804666.0,66429738210052.0
34800325752855.0,20759455270693.0,2460655207447.0,1745622369504.0,167351246777757.0,79252172166811.0
29926180939929.0,20557256448301.0,2199920489377.0,1265157456712.0,168588412519348.0,79708708322469.0
28287516102875.0,18373608994614.0,2337233690747.0,1012883749900.0,164997416783857.0,66538332279363.0
31334008543167.0,25820001904511.0,1676078798450.0,1664082566705.0,180900339582583.0,68773720698600.0
27401456187782.0,22422316124685.0,2007713221862.0,1750730137301.0,182133228892780.0,64098576725478.0
25758633281087.0,28372298998076.0,1510264781810.0,1666428518758.0,171413158510267.0,82976646352579.0
26288797219106.0,23678518880299.0,1771346750974.0,1128565258571.0,171227349524186.0,58559312972247.0
26280458389578.0,29618321134977.0,2299107886624.0,1678085130031.0,199713335874365.0,83012482690044.0
26519026935123.0,20226306188437.0,2590990946484.0,1692030503897.0,197357570899181.0,75515993555060.0
26388271726494.0,28423478015467.0,1609095909546.0,1592686464103.0,168467749900845.0,70947164580602.0
31408747448032.0,27319162233501.0,1941643747447.0,1689504339516.0,204827306632396.0,55979771823535.0
26818800843991.0,27251062135729.0,2380078065569.0,1761329295710.0,207168901020150.0,69267885754660.0
28456672833239.0,28137398737403.0,1724439198092.0,1552243702814.0,169604552521802.0,67232443150082.0
33967884099060.0,27132287891316.0,2110593444233.0,1079744242573.0,171265496927583.0,59836564359254.0
29739616402629.0,25514643859577.0,2306378425633.0,1438865028700.0,180338049205318.0,74692288105020.0
31675577385210.0,19574938532189.0,2177583995286.0,1069884401204.0,206467248752020.0,84134527221049.0
26723198712016.0,18390314153895.0,1706827208077.0,1366788727929.0,202579165988539.0,71865664331936.0
26922890188087.0,29050174173788.0,1890923025554.0,1366395840213.0,156154077755015.0,76442598293318.0
25408686162665.0,25399803774249.0,2362170962934.0,1059408859726.0,173563844596285.0,57053513576980.0
26689350630722.0,27558447491714.0,2109649165545.0,1313938480573.0,183202271384986.0,67530009874510.0
27785903390320.0,23778268218151.0,1505752574897.0,1099898288912.0,180187948353092.0,58490754554935.0
26770104842767.0,19407698267549.0,2337089836031.0,1727411689008.0,161631784076214.0,73383875066095.0
25887025337571.0,19502229506431.0,1538842490434.0,1852919223368.0,201529006270089.0,83154464746425.0
26206358711006.0,26226783446748.0,2320307161004.0,1065084827732.0,190616446979810.0,74853331974149.0
29607787680327.0,23163670738794.0,1722728616182.0,1859603686563.0,200274502491108.0,57304091449433.0
27063337184058.0,20406296720404.0,2553880828131.0,1470318939403.0,201525856760968.0,65639986149552.0
28642698610481.0,23899134560897.0,1904734826432.0,1269609110158.0,194901351219944.0,71519901383226.0
30034172708549.0,18770507244902.0,1859624777972.0,1069175867749.0,176352636074983.0,67096232683998.0
31903948286294.0,24983656822973.0,1663776855366.0,1450561841263.0,186632805300925.0,80009320314255.0
25393121398411.0,21227920853221.0,1836164637039.0,1715063990042.0,159621924367185.0,79440130141300.0
32994103989090.0,27570709207646.0,2464315838011.0,1636377829540.0,190418725048494.0,73354930603097.0
31279003894909.0,21724343507083.0,2595967771390.0,1045203410318.0,160755195344357.0,66203738353981.0
25817590319489.0,23462641788982.0,1905140483558.0,1065611651831.0,191636975430609.0,62660091212897.0
33735786241068.0,18139446478897.0,1993471694050.0,1362585954369.0,163775889645238.0,58176229546394.0
34208724005318.0,18869362653535.0,2294278032023.0,1265761444643.0,157053078009013.0,65646930504597.0
25610779598549.0,22709922676880.0,2474815358512.0,1209145890750.0,159917069408577.0,67395175516232.0
27768776481472.0,23759266016605.0,2152348767605.0,1252904049018.0,150119528113144.0,75274687753122.0
33062012797931.0,25200246577432.0,1930678267996.0,1723134468967.0,193124377071212.0,74744794728927.0
32482596903837.0,21499950944512.0,1953884024933.0,1836305248269.0,193944062943503.0,57103244189238.0
26845210193564.0,26339782633519.0,2265179961146.0,1364592425075.0,180896000994796.0,66857779462935.0
27093493233367.0,28321468766270.0,1503540089965.0,1815499901919.0,159681768063323.0,60453366016521.0
28704721027914.0,27358211866720.0,2181548271206.0,1289346131123.0,155013260250641.0,59704381159504.0
29845229851910.0,18475425904180.0,1891042311485.0,1428793287709.0,151147737986237.0,79819064492117.0
31182547715303.0,23766083367094.0,2373617064405.0,1203426098034.0,159944890617913.0,56257456501488.0
28689136395698.0,19259162141018.0,1602289703805.0,1576428437958.0,203451332098989.0,67575486277064.0
29625347161331.0,20904540190350.0,2147022493643.0,1881083003657.0,164492210502101.0,60046109672996.0
32474709381338.0,29839951119206.0,2029070178875.0,1543143786439.0,171256279633033.0,81379906470354.0
25366832028906.0,19709946514818.0,2206558078496.0,1322032675702.0,156320729068880.0,71711215398251.0
27524369443440.0,23986657841416.0,1571338953931.0,1583035701391.0,163341678284890.0,61941419091305.0
32133495858846.0,25417868811817.0,2137982166171.0,1110628610619.0,181153474246812.0,70072818614991.0
33952068376872.0,26429579646529.0,2117633046755.0,1799793172239.0,186465160985739.0,76944590791093.0
30116774421157.0,24715784201843.0,2116726103858.0,1452775555702.0,164721138849973.0,83743540267583.0
30321134852653.0,18117250169030.0,2163836433256.0,1404414767836.0,153463929553507.0,61613380127363.0
26071720113398.0,21917535698928.0,2244114730949.0,1527278309608.0,173461972147644.0,81585453163880.0
29474123668235.0,24212539720617.0,2385487899649.0,1562305476510.0,164052202255580.0,83029123425025.0
30326172664550.0,19054397989738.0,1796802792141.0,1064598225604.0,163173235393788.0,82492616335962.0
27424705036347.0,22207523174510.0,2407554351198.0,1614355499101.0,207591768162807.0,74062430705857.0
27692432309494.0,18398437305496.0,2048081250490.0,1217738512284.0,186978029155543.0,73894619633041.0
28772841631046.0,18942941965860.0,1584764107048.0,1642557369256.0,183412706590326.0,67096318995515.0
25200711977777.0,22763079314419.0,1564406022168.0,1740281314946.0,174946506211399.0,77571936469114.0
28220791655832.0,19592589048517.0,1867662150566.0,1723562656797.0,175736660005809.0,70938820550528.0
27114480069965.0,24810490179139.0,2363386674823.0,1497250870667.0,182454300230285.0,75323142136849.0
28274973521779.0,26273579629647.0,2278449028215.0,1468152903080.0,191785788422166.0,67853737115464.0
26197621318193.0,27607040389309.0,2367476461140.0,1128588365205.0,192128765770910.0,76944893921294.0
33905272807399.0,20401802930938.0,2068995962086.0,1697811535363.0,160301634462327.0,79734145528136.0
30935924535540.0,20009790987109.0,1984218897751.0,1244268442402.0,180006765124598.0,59393087698084.0
31791023191445.0,19254814084013.0,1662197779377.0,1447025880536.0,174717485702046.0,79987891467227.0
32891712386073.0,25637162994524.0,1861012028970.0,1255846683635.0,202231617976163.0,71208895953709.0
29984421989291.0,26477708717843.0,1977421302791.0,1120445526700.0,187885135273103.0,80339977272707.0
